<?xml version="1.0" encoding="UTF-8" ?>
<extension type="package" version="3.2">
    <name>PKG_FLICKRSET</name>
    <description>PKG_FLICKRSET_XML_DESCRIPTION</description>
    <packagename>flickrset</packagename>
    <copyright>(C) 2013-2014 Olivier De Groef. All rights reserved.</copyright>
    <license>http://www.gnu.org/licenses/gpl-3.0.html GNU/GPL</license>
    <author>Olivier De Groef</author>
    <authorEmail>ogroef@hotmail.com</authorEmail>
    <authorUrl/>
    <packager>Olivier De Groef</packager>
    <packagerurl/>
    <version>0.1</version>
    <creationDate>februari 12 ,2014</creationDate>
    <!-- Files -->
    <files folder="packages">
        <file type="plugin" id="flickrset" group="content">flickrset_plugin_v0.1.zip</file>
        <file type="plugin" id="add_flickrset_btn" group="editors-xtd">add_flickrset_btn_plugin_v0.1.zip</file>
        <folder>language</folder>
    </files>
    <!-- Translations -->
    <languages folder="packages">
        <language tag="en-GB">language/en-GB/en-GB.pkg_flickrset.ini</language>
        <language tag="en-GB">language/en-GB/en-GB.pkg_flickrset.sys.ini</language>
        <language tag="nl-NL">language/nl-NL/nl-NL.pkg_flickrset.ini</language>
        <language tag="nl-NL">language/nl-NL/nl-NL.pkg_flickrset.sys.ini</language>
        <language tag="fr-FR">language/fr-FR/fr-FR.pkg_flickrset.ini</language>
        <language tag="fr-FR">language/fr-FR/fr-FR.pkg_flickrset.sys.ini</language>
    </languages>
</extension>
