<?xml version="1.0" encoding="UTF-8" ?>
<extension type="package" version="3.2" method="upgrade">
    <name>PKG_FLICKRSET_XML_NAME</name>
    <description>PKG_FLICKRSET_XML_DESCRIPTION</description>
    <packagename>flickrset</packagename>
    <copyright>Copyright(c) 2013-2018 Olivier De Groef. All rights reserved.</copyright>
    <license>http://www.gnu.org/licenses/gpl-3.0.html GNU/GPL</license>
    <author>Olivier De Groef</author>
    <authorEmail>ogroef@gmail.com</authorEmail>
    <authorUrl>https://github.com/ogroef</authorUrl>
    <packager>Olivier De Groef</packager>
    <packagerurl>https://github.com/ogroef/flickrset4joomla</packagerurl>
    <version>0.6</version>
    <creationDate>maart 2018</creationDate>
    <!-- Files -->
    <files folder="packages">
        <!-- Components -->
        <file type="component" id="flickrset4joomla">flickrset4joomla_component_v0.6.zip</file>
        <!-- Plugins -->
        <file type="plugin" id="flickrset" group="content">flickrset_plugin_v0.6.zip</file>
        <file type="plugin" id="add_flickrset_btn" group="editors-xtd">add_flickrset_btn_plugin_v0.6.zip</file>
    </files>
    <!-- Translations -->
    <languages>
        <language tag="en-GB">language/en-GB/en-GB.pkg_flickrset.sys.ini</language>
        <language tag="nl-NL">language/nl-NL/nl-NL.pkg_flickrset.sys.ini</language>
        <language tag="fr-FR">language/fr-FR/fr-FR.pkg_flickrset.sys.ini</language>
    </languages>
</extension>
