<?xml version="1.0" encoding="utf-8"?>
<extension type="component" version="3.2" method="upgrade">
    <name>com_flickrset4joomla</name>
    <description>COM_FLICKRSET4JOOMLA_XML_DESCRIPTION</description>
    <author>Olivier De Groef</author>
    <copyright>(C) 2013-2015 Olivier De Groef. All rights reserved.</copyright>
    <license>http://www.gnu.org/copyleft/gpl.html GNU/GPL</license>
    <authorEmail>ogroef@hotmail.com</authorEmail>
    <authorUrl>https://github.com/ogroef/flickrset4joomla</authorUrl>
    <version>0.1</version>
    <creationDate>juli 2015</creationDate>
    
    <scriptfile>script.php</scriptfile>
    
    <!-- Component site Files -->
    <files folder="site">
        <filename>index.html</filename>
        <filename>controller.php</filename>
        <filename>flickrset4joomla.php</filename>
        <filename>views/article/tmpl/addflickrsetbtn.php</filename>
        <filename>views/article/tmpl/index.html</filename>
        <filename>views/article/view.html.php</filename>
        <filename>views/article/index.html</filename>
        <filename>views/index.html</filename>
        <folder>language</folder>
    </files>
    
    <administration>
        <menu>COM_FLICKRSET4JOOMLA_XML_MENU</menu>
        
        <files folder="admin">
            <!-- Component administration Files -->
            <filename>CHANGELOG.php</filename>
            <filename>COPYRIGHT.php</filename>
            <filename>script.php</filename>
            <filename>controller.php</filename>
            <filename>config.xml</filename>
            <filename>flickrset4joomla.php</filename>
            <filename>flickrset4joomla.xml</filename>
            <filename>index.html</filename>
            <filename>libraries/flickrset/flickrset4joomlapluginhelper.php</filename>
            <filename>libraries/flickrset/index.html</filename>
            <filename>libraries/index.html</filename>
            <filename>views/cpanel/tmpl/default.php</filename>
            <filename>views/cpanel/tmpl/index.html</filename>
            <filename>views/cpanel/index.html</filename>
            <filename>views/cpanel/view.html.php</filename>
            <filename>views/index.html</filename>
            <filename>views/article/tmpl/addflickrsetbtn.php</filename>
            <filename>views/article/tmpl/index.html</filename>
            <filename>views/article/view.html.php</filename>
            <filename>views/article/index.html</filename>
            <filename>sql/index.html</filename>
            <folder>language</folder>
        </files>

    </administration>
    
</extension>
