<?xml version="1.0" encoding="utf-8"?>
<extension type="plugin" group="editors-xtd" version="3.2" method="upgrade">
    <name>PLG_ADD_FLICKRSET_BUTTON_XML_NAME</name>
    <description>PLG_ADD_FLICKRSET_BUTTON_XML_DESCRIPTION</description>
    <author>Olivier De Groef</author>
    <copyright>Copyright (c) 2013-2018 Olivier De Groef. Open Source Matters. All rights reserved.</copyright>
    <license>http://www.gnu.org/licenses/gpl-3.0.html GNU/GPL</license>
    <authorEmail>ogroef@gmail.com</authorEmail>
    <authorUrl>https://github.com/ogroef</authorUrl>
    <version>0.6</version>
    <creationDate>maart 2018</creationDate>
    
    <!-- Files -->
    <files folder="plugin" destination="add_flickrset_btn">
        <filename plugin="add_flickrset_btn">add_flickrset_btn.php</filename>
        <filename plugin="add_flickrset_btn">add_flickrset_btn.xml</filename>
        <filename plugin="add_flickrset_btn">index.html</filename>
        <filename plugin="add_flickrset_btn">CHANGELOG.php</filename>
        <filename plugin="add_flickrset_btn">COPYRIGHT.php</filename>
        <filename plugin="add_flickrset_btn">add_flickrset_btn/index.html</filename>
        <filename plugin="add_flickrset_btn">add_flickrset_btn/includes/index.html</filename>
        <filename plugin="add_flickrset_btn">add_flickrset_btn/includes/css/index.html</filename>
        <filename plugin="add_flickrset_btn">add_flickrset_btn/includes/css/plg_editors-xtd_add_flickrset_btn.css</filename>
        <filename plugin="add_flickrset_btn">add_flickrset_btn/includes/images/index.html</filename>
    </files>
    
    <!-- Media Files -->
    <media folder="media" destination="plg_editors-xtd_add_flickrset_btn">
        <filename>index.html</filename>
        <filename>css/index.html</filename>
        <filename>css/plg_editors-xtd_add_flickrset_btn.css</filename>
        <filename>images/index.html</filename>
        <filename>images/flickrset-icon-add-button.png</filename>
        <filename>js/index.html</filename>
        <filename>js/add_flickrset_btn.js</filename>
    </media>
    
    <!-- Translations -->
    <languages folder="plugin">
        <language tag="en-GB">language/en-GB/en-GB.plg_editors-xtd_add_flickrset_btn.ini</language>
        <language tag="en-GB">language/en-GB/en-GB.plg_editors-xtd_add_flickrset_btn.sys.ini</language>
        <language tag="nl-NL">language/nl-NL/nl-NL.plg_editors-xtd_add_flickrset_btn.ini</language>
        <language tag="nl-NL">language/nl-NL/nl-NL.plg_editors-xtd_add_flickrset_btn.sys.ini</language>
        <language tag="fr-FR">language/fr-FR/fr-FR.plg_editors-xtd_add_flickrset_btn.ini</language>
        <language tag="fr-FR">language/fr-FR/fr-FR.plg_editors-xtd_add_flickrset_btn.sys.ini</language>
    </languages>
    
</extension>
